{"cameraMode":{"drawMode":0,"name":"Shaded","section":"Shading Mode"},"sceneLighting":true,"audioPlay":false,"sceneViewState":{"m_AlwaysRefresh":false,"showFog":true,"showSkybox":true,"showFlares":true,"showImageEffects":true,"showParticleSystems":true,"showVisualEffectGraphs":true,"m_FxEnabled":true},"in2DMode":false,"pivot":{"x":-34.58365249633789,"y":6.498094081878662,"z":23.178049087524415},"rotation":{"x":0.7017766237258911,"y":0.003205745480954647,"z":-0.0031580165959894659,"w":0.7123830318450928},"size":13.932106018066407,"orthographic":false}